sample_id,device_eui,observed_ts_utc,f_port,f_cnt,interval_since_prev_s,notes
1,a84041206f5b665e,2026-02-18T14:57:30Z,2,18,na,uplink
2,a84041206f5b665e,2026-02-18T14:58:00Z,2,19,30,uplink
3,a84041206f5b665e,2026-02-18T14:58:30Z,2,20,30,uplink
4,a84041206f5b665e,2026-02-18T14:59:00Z,2,21,30,uplink
5,a84041206f5b665e,2026-02-18T14:59:30Z,2,22,30,uplink
6,a84041206f5b665e,2026-02-18T15:00:00Z,2,23,30,uplink
7,a84041206f5b665e,2026-02-18T15:00:30Z,2,24,30,uplink
8,a84041206f5b665e,2026-02-18T15:01:00Z,2,25,30,uplink
9,a84041206f5b665e,2026-02-18T15:01:30Z,2,26,30,uplink
